model,epoch,train_loss,val_loss,lr
lstm,1,0.010448,0.024985,9.94e-04
lstm,2,0.002311,0.017363,9.76e-04
lstm,3,0.001872,0.024701,9.46e-04
lstm,4,0.001281,0.027612,9.05e-04
lstm,5,0.001300,0.026086,8.54e-04
lstm,6,0.001183,0.035862,7.94e-04
lstm,7,0.001067,0.025467,7.27e-04
lstm,8,0.001008,0.019042,6.55e-04
lstm,9,0.000862,0.018441,5.79e-04
lstm,10,0.001048,0.018644,5.01e-04
lstm,11,0.000859,0.021801,4.22e-04
lstm,12,0.000784,0.014553,3.46e-04
lstm,13,0.000763,0.017438,2.74e-04
lstm,14,0.000719,0.026204,2.07e-04
lstm,15,0.000739,0.020779,1.47e-04
lstm,16,0.000653,0.017825,9.64e-05
lstm,17,0.000631,0.018647,5.54e-05
lstm,18,0.000567,0.019394,2.54e-05
lstm,19,0.000656,0.019307,7.15e-06
lstm,20,0.000637,0.019317,1.00e-03
lstm,21,0.000830,0.017614,9.98e-04
lstm,22,0.000788,0.010916,9.94e-04
lstm,23,0.001046,0.017723,9.86e-04
lstm,24,0.000878,0.013983,9.76e-04
lstm,25,0.000747,0.020855,9.62e-04
lstm,26,0.000775,0.020395,9.46e-04
lstm,27,0.000756,0.026766,9.26e-04
lstm,28,0.000771,0.029514,9.05e-04
lstm,29,0.000780,0.020901,8.80e-04
lstm,30,0.000695,0.019524,8.54e-04
lstm,31,0.000549,0.014121,8.25e-04
lstm,32,0.000564,0.014276,7.94e-04
lstm,33,0.000785,0.033098,7.61e-04
lstm,34,0.000837,0.026792,7.27e-04
lstm,35,0.000613,0.019044,6.92e-04
lstm,36,0.000601,0.016998,6.55e-04
lstm,37,0.000547,0.014587,6.17e-04
lstm,38,0.000562,0.015652,5.79e-04
lstm,39,0.000547,0.015283,5.40e-04
lstm,40,0.000467,0.019249,5.01e-04
lstm,41,0.000453,0.017306,4.61e-04
lstm,42,0.000540,0.019225,4.22e-04
transformer,1,0.008480,0.019663,9.94e-04
transformer,2,0.001399,0.030497,9.76e-04
transformer,3,0.000955,0.026691,9.46e-04
transformer,4,0.000868,0.039868,9.05e-04
transformer,5,0.000899,0.017001,8.54e-04
transformer,6,0.000730,0.018027,7.94e-04
transformer,7,0.000612,0.023255,7.27e-04
transformer,8,0.000561,0.018906,6.55e-04
transformer,9,0.000586,0.013895,5.79e-04
transformer,10,0.000648,0.025440,5.01e-04
transformer,11,0.000509,0.018710,4.22e-04
transformer,12,0.000472,0.013852,3.46e-04
transformer,13,0.000471,0.017332,2.74e-04
transformer,14,0.000383,0.016335,2.07e-04
transformer,15,0.000393,0.015543,1.47e-04
transformer,16,0.000403,0.016180,9.64e-05
transformer,17,0.000398,0.015924,5.54e-05
transformer,18,0.000420,0.015672,2.54e-05
transformer,19,0.000403,0.017651,7.15e-06
transformer,20,0.000406,0.016984,1.00e-03
transformer,21,0.000873,0.030591,9.98e-04
transformer,22,0.000644,0.019608,9.94e-04
transformer,23,0.000596,0.019214,9.86e-04
transformer,24,0.000526,0.018336,9.76e-04
transformer,25,0.000436,0.015392,9.62e-04
transformer,26,0.000369,0.013142,9.46e-04
transformer,27,0.000474,0.017969,9.26e-04
transformer,28,0.000491,0.011687,9.05e-04
transformer,29,0.000595,0.017609,8.80e-04
transformer,30,0.000592,0.020107,8.54e-04
transformer,31,0.000478,0.015645,8.25e-04
transformer,32,0.000440,0.016467,7.94e-04
transformer,33,0.000407,0.013353,7.61e-04
transformer,34,0.000439,0.013362,7.27e-04
transformer,35,0.000431,0.014947,6.92e-04
transformer,36,0.000403,0.011819,6.55e-04
transformer,37,0.000419,0.016043,6.17e-04
transformer,38,0.000351,0.012582,5.79e-04
transformer,39,0.000333,0.012939,5.40e-04
transformer,40,0.000367,0.013057,5.01e-04
transformer,41,0.000286,0.011568,4.61e-04
transformer,42,0.000388,0.014123,4.22e-04
transformer,43,0.000377,0.010997,3.84e-04
transformer,44,0.000329,0.011694,3.46e-04
transformer,45,0.000327,0.013159,3.09e-04
transformer,46,0.000332,0.012930,2.74e-04
transformer,47,0.000323,0.009363,2.40e-04
transformer,48,0.000327,0.010571,2.07e-04
transformer,49,0.000329,0.010544,1.76e-04
transformer,50,0.000343,0.009541,1.47e-04
ensemble,1,0.042516,0.390120,9.94e-04
ensemble,2,0.021561,0.268089,9.76e-04
ensemble,3,0.013171,0.105839,9.46e-04
ensemble,4,0.008751,0.071630,9.05e-04
ensemble,5,0.007393,0.008380,8.54e-04
ensemble,6,0.008770,0.060404,7.94e-04
ensemble,7,0.006996,0.033608,7.27e-04
ensemble,8,0.006111,0.039029,6.55e-04
ensemble,9,0.006245,0.018544,5.79e-04
ensemble,10,0.005966,0.079661,5.01e-04
ensemble,11,0.004860,0.025042,4.22e-04
ensemble,12,0.004004,0.049833,3.46e-04
ensemble,13,0.004524,0.031843,2.74e-04
ensemble,14,0.004085,0.018617,2.07e-04
ensemble,15,0.004311,0.044456,1.47e-04
ensemble,16,0.004296,0.021652,9.64e-05
ensemble,17,0.003782,0.032823,5.54e-05
ensemble,18,0.004960,0.035486,2.54e-05
ensemble,19,0.003614,0.028015,7.15e-06
ensemble,20,0.004142,0.029228,1.00e-03
ensemble,21,0.004248,0.040692,9.98e-04
ensemble,22,0.004950,0.035195,9.94e-04
ensemble,23,0.005197,0.060415,9.86e-04
ensemble,24,0.004243,0.020754,9.76e-04
ensemble,25,0.004236,0.013459,9.62e-04
lstm,1,0.012482,0.036277,9.94e-04
lstm,2,0.001926,0.007976,9.76e-04
lstm,3,0.001172,0.011142,9.46e-04
lstm,4,0.000916,0.014998,9.05e-04
lstm,5,0.000863,0.010098,8.54e-04
lstm,6,0.000744,0.014240,7.94e-04
lstm,7,0.000772,0.015524,7.27e-04
lstm,8,0.000724,0.010283,6.55e-04
lstm,9,0.000604,0.006452,5.79e-04
lstm,10,0.000732,0.010456,5.01e-04
lstm,11,0.000569,0.009576,4.22e-04
lstm,12,0.000568,0.007812,3.46e-04
lstm,13,0.000557,0.008724,2.74e-04
lstm,14,0.000545,0.010098,2.07e-04
lstm,15,0.000523,0.008432,1.47e-04
lstm,16,0.000473,0.008068,9.64e-05
lstm,17,0.000482,0.008699,5.54e-05
lstm,18,0.000471,0.008915,2.54e-05
lstm,19,0.000516,0.009222,7.15e-06
lstm,20,0.000495,0.009162,1.00e-03
lstm,21,0.000617,0.008874,9.98e-04
transformer,1,0.007925,0.012878,9.94e-04
transformer,2,0.001287,0.015076,9.76e-04
transformer,3,0.000970,0.014618,9.46e-04
transformer,4,0.000618,0.011890,9.05e-04
transformer,5,0.000576,0.010451,8.54e-04
transformer,6,0.000568,0.010743,7.94e-04
transformer,7,0.000507,0.008754,7.27e-04
transformer,8,0.000484,0.007582,6.55e-04
transformer,9,0.000455,0.007363,5.79e-04
transformer,10,0.000418,0.007181,5.01e-04
transformer,11,0.000506,0.005573,4.22e-04
transformer,12,0.000420,0.007639,3.46e-04
transformer,13,0.000422,0.008592,2.74e-04
transformer,14,0.000434,0.007256,2.07e-04
transformer,15,0.000390,0.006678,1.47e-04
transformer,16,0.000372,0.006739,9.64e-05
transformer,17,0.000336,0.006995,5.54e-05
transformer,18,0.000384,0.006619,2.54e-05
transformer,19,0.000373,0.006825,7.15e-06
transformer,20,0.000361,0.006734,1.00e-03
transformer,21,0.000412,0.005917,9.98e-04
transformer,22,0.000471,0.009710,9.94e-04
transformer,23,0.000478,0.005207,9.86e-04
transformer,24,0.000499,0.005590,9.76e-04
transformer,25,0.000400,0.005360,9.62e-04
transformer,26,0.000362,0.005738,9.46e-04
transformer,27,0.000321,0.005279,9.26e-04
transformer,28,0.000424,0.004104,9.05e-04
transformer,29,0.000433,0.007028,8.80e-04
transformer,30,0.000335,0.004251,8.54e-04
transformer,31,0.000368,0.005201,8.25e-04
transformer,32,0.000325,0.004107,7.94e-04
transformer,33,0.000303,0.003663,7.61e-04
transformer,34,0.000272,0.006317,7.27e-04
transformer,35,0.000295,0.006293,6.92e-04
ensemble,1,0.009629,0.006686,9.94e-04
ensemble,2,0.001830,0.002750,9.76e-04
ensemble,3,0.001382,0.003221,9.46e-04
ensemble,4,0.001108,0.003318,9.05e-04
ensemble,5,0.000807,0.004668,8.54e-04
ensemble,6,0.000813,0.005124,7.94e-04
ensemble,7,0.000666,0.008158,7.27e-04
ensemble,8,0.000674,0.005373,6.55e-04
ensemble,9,0.000670,0.006262,5.79e-04
ensemble,10,0.000570,0.004712,5.01e-04
ensemble,11,0.000624,0.003274,4.22e-04
ensemble,12,0.000579,0.005454,3.46e-04
ensemble,13,0.000513,0.005518,2.74e-04
ensemble,14,0.000529,0.004766,2.07e-04
test_res,1,0.004711,0.000426,9.94e-04
test_res,2,0.000277,0.000287,9.76e-04
test_res,3,0.000194,0.000290,9.46e-04
test_res,4,0.000165,0.000286,9.05e-04
test_res,5,0.000150,0.000281,8.54e-04
test_res,6,0.000132,0.000280,7.94e-04
test_res,7,0.000126,0.000284,7.27e-04
test_res,8,0.000117,0.000282,6.55e-04
lstm,1,0.006231,0.000292,9.94e-04
lstm,2,0.000153,0.000282,9.76e-04
lstm,3,0.000112,0.000280,9.46e-04
lstm,4,0.000108,0.000280,9.05e-04
lstm,5,0.000094,0.000283,8.54e-04
lstm,6,0.000091,0.000281,7.94e-04
lstm,7,0.000088,0.000280,7.27e-04
lstm,8,0.000083,0.000280,6.55e-04
lstm,9,0.000086,0.000281,5.79e-04
lstm,10,0.000082,0.000282,5.01e-04
lstm,11,0.000086,0.000280,4.22e-04
lstm,12,0.000082,0.000280,3.46e-04
lstm,13,0.000081,0.000281,2.74e-04
lstm,14,0.000075,0.000281,2.07e-04
lstm,15,0.000079,0.000280,1.47e-04
transformer,1,0.001271,0.000345,9.94e-04
transformer,2,0.000103,0.000286,9.76e-04
transformer,3,0.000088,0.000291,9.46e-04
transformer,4,0.000077,0.000280,9.05e-04
transformer,5,0.000076,0.000281,8.54e-04
transformer,6,0.000071,0.000286,7.94e-04
transformer,7,0.000075,0.000280,7.27e-04
transformer,8,0.000077,0.000293,6.55e-04
transformer,9,0.000070,0.000280,5.79e-04
transformer,10,0.000073,0.000285,5.01e-04
transformer,11,0.000077,0.000288,4.22e-04
transformer,12,0.000073,0.000283,3.46e-04
transformer,13,0.000070,0.000290,2.74e-04
transformer,14,0.000072,0.000284,2.07e-04
transformer,15,0.000073,0.000293,1.47e-04
transformer,16,0.000068,0.000291,9.64e-05
ensemble,1,0.008147,0.000272,9.94e-04
ensemble,2,0.002110,0.000452,9.76e-04
ensemble,3,0.000931,0.000287,9.46e-04
ensemble,4,0.000666,0.001655,9.05e-04
ensemble,5,0.000402,0.000398,8.54e-04
ensemble,6,0.000427,0.000407,7.94e-04
ensemble,7,0.000313,0.000329,7.27e-04
ensemble,8,0.000276,0.000299,6.55e-04
ensemble,9,0.000289,0.000391,5.79e-04
ensemble,10,0.000272,0.000279,5.01e-04
ensemble,11,0.000261,0.000338,4.22e-04
ensemble,12,0.000239,0.000311,3.46e-04
ensemble,13,0.000263,0.000320,2.74e-04
